case,days,miles,receipts,expected,predicted,difference,percent_error
1,3,93.0,1.42,364.51,364.51,0.0,0.0
2,1,55.0,3.6,126.06,126.06,0.0,0.0
3,1,47.0,17.97,128.91,128.91,0.0,0.0
4,2,13.0,4.67,203.52,203.52,0.0,0.0
5,3,88.0,5.78,380.37,380.37,0.0,0.0
6,1,76.0,13.74,158.35,158.35,0.0,0.0
7,3,41.0,4.52,320.12,320.12,0.0,0.0
8,1,140.0,22.71,199.68,199.68,0.0,0.0
9,3,121.0,21.17,464.07,464.07,0.0,0.0
10,3,117.0,21.99,359.1,359.1,0.0,0.0
11,2,202.0,21.24,356.17,325.56,-30.610000000000014,-8.594210629755457
12,3,80.0,21.05,366.87,366.87,0.0,0.0
13,2,21.0,20.04,204.58,204.58,0.0,0.0
14,3,177.0,18.73,430.86,430.86,0.0,0.0
15,1,141.0,10.15,195.14,195.14,0.0,0.0
16,1,58.0,5.86,117.24,117.24,0.0,0.0
17,1,133.0,8.34,179.06,179.06,0.0,0.0
18,1,59.0,8.31,120.65,120.65,0.0,0.0
19,2,89.0,13.85,234.2,234.2,0.0,0.0
20,2,147.0,17.43,325.56,325.56,0.0,0.0
21,5,130.0,306.9,574.1,574.1,0.0,0.0
22,5,173.0,1337.9,1443.96,1443.96,0.0,0.0
23,5,592.0,433.75,869.0,869.0,0.0,0.0
24,5,679.0,476.08,1030.41,1029.87,-0.540000000000191,-0.052406323696411225
25,5,708.0,1129.52,1654.62,1654.62,0.0,0.0
26,5,261.0,464.94,621.12,710.15,89.02999999999997,14.333784131890773
27,5,794.0,511.0,1139.94,1139.94,0.0,0.0
28,5,521.0,1448.55,1624.01,1624.01,0.0,0.0
29,5,595.0,863.93,1231.67,1231.67,0.0,0.0
30,5,811.0,952.39,1608.6,1608.6,0.0,0.0
31,5,477.0,704.42,1045.96,1114.9,68.94000000000005,6.591074228459984
32,5,730.0,485.73,991.49,991.49,0.0,0.0
33,5,262.0,1173.79,1485.59,1485.59,0.0,0.0
34,5,446.0,219.98,788.62,788.62,0.0,0.0
35,5,751.0,407.43,1063.46,1063.46,0.0,0.0
36,5,324.0,128.94,686.54,686.54,0.0,0.0
37,5,414.0,967.0,1368.94,1368.94,0.0,0.0
38,5,367.0,290.78,742.25,742.25,0.0,0.0
39,5,764.0,848.75,1468.46,1468.46,0.0,0.0
40,5,249.0,873.75,1185.24,1168.72,-16.519999999999982,-1.3938105362626962
41,8,862.0,1817.85,1719.37,1719.37,0.0,0.0
42,11,927.0,1994.33,1779.12,1779.12,0.0,0.0
43,9,602.0,186.69,1085.4,1085.4,0.0,0.0
44,8,610.0,208.29,841.27,841.27,0.0,0.0
45,12,333.0,1103.21,1618.13,1539.1,-79.0300000000002,-4.884032803297646
46,8,435.0,1129.65,1525.26,1525.26,0.0,0.0
47,9,218.0,1203.45,1561.63,1561.63,0.0,0.0
48,12,781.0,1159.18,1752.72,1752.72,0.0,0.0
49,11,916.0,1036.91,2098.07,2098.07,0.0,0.0
50,10,358.0,2066.62,1624.11,1624.11,0.0,0.0
51,12,566.0,2013.7,1752.03,1752.03,0.0,0.0
52,9,954.0,1483.39,2024.2,2024.2,0.0,0.0
53,9,534.0,1929.94,1624.87,1624.87,0.0,0.0
54,12,765.0,1343.97,1953.03,1953.03,0.0,0.0
55,8,630.0,967.69,1388.05,1395.65,7.600000000000136,0.5475307085479728
56,10,909.0,696.0,1505.19,1487.93,-17.25999999999999,-1.1466990878227992
57,10,223.0,745.89,1037.45,1037.45,0.0,0.0
58,8,467.0,1178.71,1483.33,1483.33,0.0,0.0
59,9,708.0,461.07,1110.6,1110.6,0.0,0.0
60,9,885.0,1764.97,1694.37,1897.37,203.0,11.980854240809268
61,6,855.0,591.35,1339.72,1090.31,-249.41000000000008,-18.61657659809513
62,2,993.0,54.24,715.19,715.19,0.0,0.0
63,5,685.0,747.14,1216.36,1216.36,0.0,0.0
64,3,981.0,341.45,813.95,726.14,-87.81000000000006,-10.78813194913693
65,5,770.0,873.33,1502.49,1502.49,0.0,0.0
66,6,697.0,651.64,1237.71,1237.71,0.0,0.0
67,3,795.0,450.85,743.94,751.16,7.219999999999914,0.9705083743312516
68,3,606.0,1184.23,1364.54,1459.34,94.79999999999995,6.94739619212335
69,3,842.0,865.37,1251.14,1251.14,0.0,0.0
70,7,748.0,241.73,971.31,971.31,0.0,0.0
71,7,624.0,148.16,905.79,848.89,-56.89999999999998,-6.281809249384512
72,2,713.0,740.33,1048.28,1048.28,0.0,0.0
73,3,874.0,1191.4,1515.99,1432.79,-83.20000000000005,-5.488162850678437
74,6,761.0,530.19,1120.1,1120.1,0.0,0.0
75,1,815.0,97.89,539.36,539.36,0.0,0.0
76,1,601.0,497.7,644.12,644.12,0.0,0.0
77,7,817.0,1127.87,1809.91,1639.12,-170.7900000000002,-9.43638081451565
78,1,606.0,923.0,1050.05,1050.05,0.0,0.0
79,1,909.0,741.82,866.07,572.73,-293.34000000000003,-33.87024143544979
80,3,624.0,1160.92,1459.34,1459.34,0.0,0.0
81,4,650.0,619.49,676.38,676.38,0.0,0.0
82,6,204.0,818.99,628.4,628.4,0.0,0.0
83,1,263.0,396.49,198.42,198.42,0.0,0.0
84,1,451.0,555.49,162.18,162.18,0.0,0.0
85,10,424.0,474.99,831.96,831.96,0.0,0.0
86,2,565.0,389.49,415.96,415.96,0.0,0.0
87,9,397.0,348.49,913.29,1017.64,104.35000000000002,11.42572457817342
88,1,532.0,413.99,355.57,355.57,0.0,0.0
89,2,384.0,495.49,290.36,616.27,325.90999999999997,112.2434219589475
90,5,754.0,489.99,765.13,765.13,0.0,0.0
91,1,344.46,813.85,707.88,707.88,0.0,0.0
92,3,906.3,540.03,848.42,848.42,0.0,0.0
93,3,1007.56,187.52,764.64,764.64,0.0,0.0
94,1,359.62,221.15,255.57,255.57,0.0,0.0
95,1,362.79,749.19,636.51,636.51,0.0,0.0
96,1,288.72,159.26,303.94,303.94,0.0,0.0
97,2,782.17,830.72,1165.44,1251.14,85.70000000000005,7.3534459088413
98,2,623.18,347.54,625.15,625.15,0.0,0.0
99,3,1061.15,388.5,693.36,693.36,0.0,0.0
100,1,252.75,285.5,331.74,331.74,0.0,0.0
101,3,1020.39,250.62,779.08,779.08,0.0,0.0
102,1,257.97,816.81,738.01,636.19,-101.81999999999994,-13.796561022208362
103,3,1025.03,592.55,992.4,992.4,0.0,0.0
104,2,794.32,402.31,671.06,671.06,0.0,0.0
105,1,276.85,485.54,361.66,361.66,0.0,0.0
106,2,851.68,473.96,650.68,650.68,0.0,0.0
107,3,859.12,611.07,960.47,960.47,0.0,0.0
108,3,1317.07,476.87,787.42,1139.94,352.5200000000001,44.76899240557772
109,1,388.1,827.37,741.46,741.46,0.0,0.0
110,1,264.39,758.27,636.19,636.19,0.0,0.0
111,5,198.21,594.83,807.48,667.85,-139.63,-17.29206915341556
112,6,72.85,457.75,666.59,666.59,0.0,0.0
113,8,297.64,481.09,835.08,835.08,0.0,0.0
114,7,237.33,1262.27,1452.17,1452.17,0.0,0.0
115,5,195.73,1228.49,511.23,511.23,0.0,0.0
116,8,276.28,1179.9,1522.6,1522.6,0.0,0.0
117,8,302.24,1046.04,1353.77,1353.77,0.0,0.0
118,8,266.87,252.08,880.41,880.41,0.0,0.0
119,9,310.69,239.64,828.16,828.16,0.0,0.0
120,6,222.08,709.07,1031.34,1031.34,0.0,0.0
121,8,264.94,720.67,1019.85,1037.45,17.600000000000023,1.7257439819581333
122,8,161.15,1230.37,1499.24,1499.24,0.0,0.0
123,9,259.96,554.74,835.54,835.54,0.0,0.0
124,9,97.85,518.56,850.57,850.57,0.0,0.0
125,9,194.34,1054.93,1374.9,1374.9,0.0,0.0
126,9,332.35,374.61,830.45,830.45,0.0,0.0
127,5,126.44,696.14,845.35,845.35,0.0,0.0
128,5,66.13,848.03,1050.25,1050.25,0.0,0.0
129,6,135.34,1144.13,1478.11,1478.11,0.0,0.0
130,6,233.7,346.98,648.57,648.57,0.0,0.0
131,9,849.0,1007.41,1785.47,1785.47,0.0,0.0
132,6,806.0,1760.64,1718.76,1718.76,0.0,0.0
133,8,891.0,1194.36,2016.46,2016.46,0.0,0.0
134,9,1182.0,1342.24,2164.15,2164.15,0.0,0.0
135,7,1010.0,1514.03,2063.98,2063.98,0.0,0.0
136,8,892.0,1768.53,1902.37,1902.37,0.0,0.0
137,6,825.0,1692.73,1817.77,1718.76,-99.00999999999999,-5.446783696507258
138,8,1118.0,1758.52,1852.47,1894.85,42.37999999999988,2.287756346931388
139,8,1064.0,1756.52,1857.04,1857.04,0.0,0.0
140,6,811.0,1252.04,1771.8,1704.06,-67.74000000000001,-3.823230612935998
141,7,889.0,1417.96,1826.08,1826.08,0.0,0.0
142,9,1012.0,1429.04,1880.76,1880.76,0.0,0.0
143,6,909.0,1332.18,1720.21,1720.21,0.0,0.0
144,9,1096.0,1690.22,1894.85,1894.85,0.0,0.0
145,9,913.0,1021.29,1964.86,1964.86,0.0,0.0
146,6,1006.0,1219.71,1803.97,1803.97,0.0,0.0
147,6,907.0,1650.17,1737.86,1737.86,0.0,0.0
148,9,816.0,1171.81,1780.58,1780.58,0.0,0.0
149,7,1006.0,1181.33,2279.82,2279.82,0.0,0.0
150,6,835.0,1404.28,1765.79,1765.79,0.0,0.0
151,12,528.0,2476.41,1662.88,1662.88,0.0,0.0
152,4,69.0,2321.49,322.0,322.0,0.0,0.0
153,11,1179.0,31.36,1550.55,1550.55,0.0,0.0
154,13,756.0,954.4,1793.07,1793.07,0.0,0.0
155,1,123.0,2076.65,1171.68,1171.68,0.0,0.0
156,3,1162.0,2152.66,1434.71,1434.71,0.0,0.0
157,1,822.0,2170.53,1374.91,1374.91,0.0,0.0
158,11,558.0,1549.86,1823.47,1823.47,0.0,0.0
159,2,753.0,1111.16,1353.87,1459.34,105.47000000000003,7.790260512456886
160,10,224.0,407.51,794.7,794.7,0.0,0.0
161,6,383.0,462.79,800.3,800.3,0.0,0.0
162,8,1005.0,1391.37,1987.39,1987.39,0.0,0.0
163,10,1145.0,311.43,1366.61,1366.61,0.0,0.0
164,5,1004.0,2367.63,1743.85,1743.85,0.0,0.0
165,5,873.0,1402.35,1676.79,1676.79,0.0,0.0
166,2,165.0,1813.32,1273.45,1273.45,0.0,0.0
167,5,1076.0,190.33,879.65,879.65,0.0,0.0
168,12,986.0,2390.92,1760.0,1760.0,0.0,0.0
169,7,948.0,657.17,1578.97,1253.76,-325.21000000000004,-20.59633811915363
170,3,429.0,2400.13,1411.95,1411.95,0.0,0.0
171,4,362.0,646.43,788.53,788.53,0.0,0.0
172,2,622.0,1871.56,1494.23,1494.23,0.0,0.0
173,1,140.0,255.99,150.34,150.34,0.0,0.0
174,8,123.0,612.55,851.24,851.24,0.0,0.0
175,4,87.0,2463.92,1413.52,1410.58,-2.9400000000000546,-0.20799139736261632
176,10,164.0,1144.9,1516.43,1516.43,0.0,0.0
177,1,989.0,2196.84,1439.17,1439.17,0.0,0.0
178,4,470.0,1968.63,1501.1,1501.1,0.0,0.0
179,1,37.0,1397.17,1092.94,1092.94,0.0,0.0
180,8,488.0,439.7,1030.13,1030.13,0.0,0.0
181,12,757.0,897.4,1780.07,1780.07,0.0,0.0
182,14,958.0,1727.76,2065.16,2065.16,0.0,0.0
183,2,456.0,2390.7,1342.39,1342.39,0.0,0.0
184,5,733.0,41.18,771.83,771.83,0.0,0.0
185,5,291.0,1279.7,1477.12,1485.59,8.470000000000027,0.5734131282495687
186,10,478.0,2091.79,1568.41,1568.41,0.0,0.0
187,8,817.0,1455.73,1847.26,1847.26,0.0,0.0
188,6,1043.0,1404.35,1807.42,1807.42,0.0,0.0
189,2,958.0,1855.58,1549.54,1549.54,0.0,0.0
190,9,524.0,474.75,935.4,935.4,0.0,0.0
191,6,45.0,81.59,522.58,522.58,0.0,0.0
192,8,342.0,2259.06,1502.02,1502.02,0.0,0.0
193,12,379.0,1897.29,1682.98,1682.98,0.0,0.0
194,6,333.0,1254.68,1585.02,1585.02,0.0,0.0
195,2,634.0,1739.81,1490.51,1490.51,0.0,0.0
196,5,285.0,974.73,1282.84,1282.84,0.0,0.0
197,12,33.0,1249.13,1707.38,1707.38,0.0,0.0
198,9,118.0,1285.82,1539.77,1539.77,0.0,0.0
199,1,420.0,2273.6,1220.35,1202.9,-17.449999999999818,-1.4299176465767869
200,11,312.0,2072.39,1586.22,1705.9,119.68000000000006,7.544981150155721
201,10,753.0,2054.02,1779.08,1779.08,0.0,0.0
202,5,125.0,96.38,570.99,570.99,0.0,0.0
203,6,597.0,888.84,1395.65,1395.65,0.0,0.0
204,12,1065.0,203.2,1408.25,1408.25,0.0,0.0
205,1,214.0,540.03,402.81,402.81,0.0,0.0
206,11,886.0,922.66,1852.24,1852.24,0.0,0.0
207,10,621.0,978.73,1656.28,1656.28,0.0,0.0
208,4,1000.0,2355.34,1699.56,1699.56,0.0,0.0
209,13,534.0,1765.96,1881.36,2015.18,133.82000000000016,7.112939575626152
210,6,475.0,1800.71,1671.23,669.85,-1001.38,-59.918742483081324
211,11,623.0,2265.21,1739.18,1699.94,-39.24000000000001,-2.256235697282628
212,1,620.0,973.91,1112.02,1112.02,0.0,0.0
213,13,1004.0,1757.75,1960.67,1960.67,0.0,0.0
214,8,962.0,1929.63,1897.19,1833.56,-63.63000000000011,-3.3539076212714654
215,14,516.0,1464.67,1842.1,1842.1,0.0,0.0
216,11,685.0,2272.75,1873.94,1792.31,-81.63000000000011,-4.3560626274053655
217,3,307.0,266.21,540.97,540.97,0.0,0.0
218,3,375.0,1346.21,1339.93,1339.93,0.0,0.0
219,4,1124.0,2177.18,1567.43,1691.15,123.72000000000003,7.893175452811291
220,3,779.0,2110.9,1520.73,1520.73,0.0,0.0
221,8,1173.0,671.25,1419.34,1419.34,0.0,0.0
222,14,47.0,1667.14,1745.18,1666.29,-78.8900000000001,-4.520450612544271
223,3,981.0,2008.83,1539.47,1539.47,0.0,0.0
224,5,516.0,1450.67,1547.5,1547.5,0.0,0.0
225,6,471.0,332.51,872.19,872.19,0.0,0.0
226,2,941.0,1565.77,1432.79,1432.79,0.0,0.0
227,10,377.0,301.96,837.36,837.36,0.0,0.0
228,7,273.0,285.83,793.58,793.58,0.0,0.0
229,1,458.0,834.7,737.28,737.28,0.0,0.0
230,11,772.0,932.31,1575.52,1575.52,0.0,0.0
231,11,36.0,1541.47,1593.24,1593.24,0.0,0.0
232,12,211.0,1048.29,1579.73,1579.73,0.0,0.0
233,7,987.0,2164.1,1839.67,1839.67,0.0,0.0
234,9,662.0,2275.59,1599.27,1599.27,0.0,0.0
235,12,96.0,1164.37,1553.21,1553.21,0.0,0.0
236,5,569.0,1856.7,1623.81,669.85,-953.9599999999999,-58.74825256649484
237,12,128.0,477.17,874.99,874.99,0.0,0.0
238,4,886.0,2401.28,1698.0,1698.94,0.9400000000000546,0.05535924617197023
239,13,19.0,807.27,1331.53,1331.53,0.0,0.0
240,8,275.0,2347.09,1454.47,1454.47,0.0,0.0
241,9,963.0,588.5,1434.42,1434.42,0.0,0.0
242,14,1056.0,2489.69,1894.16,1894.16,0.0,0.0
243,5,728.0,423.16,947.72,947.72,0.0,0.0
244,4,286.0,1063.49,418.17,418.17,0.0,0.0
245,11,332.0,1352.48,1663.39,1673.7,10.309999999999945,0.6198185632954355
246,12,49.0,1118.38,1494.81,1494.81,0.0,0.0
247,2,18.0,2503.46,1206.95,1206.95,0.0,0.0
248,14,592.0,1268.36,1930.24,1915.79,-14.450000000000045,-0.7486115716180395
249,3,892.0,171.32,875.39,875.39,0.0,0.0
250,11,741.0,1872.39,1847.08,1847.08,0.0,0.0
251,14,807.0,2358.41,1819.41,1819.41,0.0,0.0
252,5,873.0,1584.53,1796.7,1796.7,0.0,0.0
253,3,1159.0,2209.44,1434.84,1434.84,0.0,0.0
254,11,920.0,1338.65,1871.27,1871.27,0.0,0.0
255,1,388.0,390.7,332.06,355.57,23.50999999999999,7.080045774859962
256,9,576.0,1059.79,1547.5,1547.5,0.0,0.0
257,9,524.0,2367.12,1640.78,1624.68,-16.09999999999991,-0.9812406294567163
258,10,459.0,2183.11,1559.59,1559.59,0.0,0.0
259,4,725.0,588.9,1097.95,1097.95,0.0,0.0
260,1,992.0,958.87,1222.41,1112.02,-110.3900000000001,-9.030521674397304
261,10,536.0,2194.42,1615.13,1653.69,38.559999999999945,2.3874239225325478
262,11,1126.0,1593.03,2143.74,2248.12,104.38000000000011,4.86906061369383
263,10,314.0,1098.8,1539.1,1539.1,0.0,0.0
264,1,9.0,2246.28,1120.22,1120.22,0.0,0.0
265,11,706.0,1508.23,2030.59,2030.59,0.0,0.0
266,10,976.0,2166.02,1775.03,1749.93,-25.09999999999991,-1.4140606074263482
267,5,1028.0,653.19,1313.95,1313.95,0.0,0.0
268,8,1166.0,99.47,1149.07,1149.07,0.0,0.0
269,12,882.0,1958.14,1944.88,1944.88,0.0,0.0
270,11,448.0,732.79,1090.35,1090.35,0.0,0.0
271,7,623.0,1691.39,1800.86,1800.86,0.0,0.0
272,3,127.0,293.49,303.2,303.2,0.0,0.0
273,12,218.0,486.02,1005.67,1005.67,0.0,0.0
274,3,1166.0,530.44,785.59,785.59,0.0,0.0
275,11,17.0,550.58,830.07,830.07,0.0,0.0
276,9,696.0,1749.97,1649.49,1702.81,53.319999999999936,3.2325142922964027
277,4,305.0,125.79,664.43,664.43,0.0,0.0
278,12,104.0,1300.05,1779.92,1673.7,-106.22000000000003,-5.967683940851275
279,1,303.0,931.53,857.42,857.42,0.0,0.0
280,8,1012.0,2390.84,1732.12,1732.12,0.0,0.0
281,9,938.0,2224.29,1913.87,1758.56,-155.30999999999995,-8.114971236290863
282,3,471.0,288.19,535.67,624.78,89.11000000000001,16.635241846659326
283,5,72.0,977.67,1156.55,1156.55,0.0,0.0
284,10,160.0,2272.56,1642.15,1642.15,0.0,0.0
285,10,965.0,1851.28,1805.77,1805.77,0.0,0.0
286,3,266.0,2178.16,1447.95,1447.95,0.0,0.0
287,12,734.0,2491.82,1792.31,1792.31,0.0,0.0
288,12,64.0,1641.01,1710.72,1710.72,0.0,0.0
289,9,497.0,1845.08,1674.09,1674.09,0.0,0.0
290,3,781.0,1801.38,1586.21,1468.01,-118.20000000000005,-7.451724550973707
291,3,158.0,1070.74,1183.16,1183.16,0.0,0.0
292,3,1096.0,200.27,802.96,802.96,0.0,0.0
293,11,1116.0,2067.8,1987.44,1894.85,-92.59000000000015,-4.658756993921837
294,10,831.0,39.86,982.64,982.64,0.0,0.0
295,14,124.0,1064.64,1761.68,1703.02,-58.66000000000008,-3.3297761227918854
296,4,10.0,1262.73,1261.41,1261.41,0.0,0.0
297,5,955.0,106.86,897.78,848.89,-48.889999999999986,-5.445654837488025
298,7,1176.0,2489.13,1921.16,1921.16,0.0,0.0
299,6,803.0,465.6,1012.0,1119.17,107.17000000000007,10.589920948616607
300,9,868.0,62.12,1022.81,1267.98,245.17000000000007,23.97023885179066
301,1,181.0,128.05,225.12,225.12,0.0,0.0
302,3,70.0,631.88,564.16,564.16,0.0,0.0
303,8,1090.0,419.76,1189.47,1189.47,0.0,0.0
304,14,1184.0,2269.89,1943.24,1943.24,0.0,0.0
305,1,735.0,1676.9,1365.21,1365.21,0.0,0.0
306,2,547.0,119.09,509.52,509.52,0.0,0.0
307,11,265.0,218.66,949.34,949.34,0.0,0.0
308,10,223.0,886.32,1305.54,1371.86,66.31999999999994,5.07989031358671
309,12,959.0,1947.82,1833.24,1833.24,0.0,0.0
310,11,498.0,1578.39,1793.52,1839.05,45.52999999999997,2.5385833444845876
311,14,127.0,988.4,1688.9,1703.02,14.11999999999989,0.8360471312688668
312,3,621.0,214.08,779.66,779.66,0.0,0.0
313,6,1193.0,2241.5,1839.47,1921.16,81.69000000000005,4.440953100621377
314,4,448.0,2055.97,1497.46,1497.46,0.0,0.0
315,8,466.0,2064.63,1558.12,1568.41,10.290000000000191,0.6604112648576613
316,12,229.0,1216.16,1696.65,1696.65,0.0,0.0
317,13,658.0,559.48,1573.12,1573.12,0.0,0.0
318,13,1034.0,2477.98,1842.24,1842.24,0.0,0.0
319,4,842.0,2464.29,1611.66,1698.94,87.27999999999997,5.415534293833685
320,13,837.0,1218.93,1921.68,1921.18,-0.5,-0.02601890012905374
321,11,927.0,1306.37,1804.68,1804.68,0.0,0.0
322,4,1047.0,1657.68,1605.84,1565.16,-40.679999999999836,-2.533253624271399
323,4,262.0,1681.28,1435.34,1435.34,0.0,0.0
324,7,1126.0,1103.75,2014.72,2014.72,0.0,0.0
325,5,781.0,672.91,1125.36,1125.36,0.0,0.0
326,5,831.0,591.65,1090.31,1090.31,0.0,0.0
327,7,1089.0,1026.25,2132.85,2132.85,0.0,0.0
328,1,793.0,2171.07,1421.36,1421.07,-0.2899999999999636,-0.020402994315301095
329,9,368.0,495.12,847.33,956.61,109.27999999999997,12.896982285532196
330,6,818.0,1130.38,1704.06,1704.06,0.0,0.0
331,11,667.0,1915.95,1732.2,1732.2,0.0,0.0
332,2,267.0,2116.93,1349.04,1349.04,0.0,0.0
333,10,1083.0,2105.36,1844.58,1843.97,-0.6099999999999,-0.03306985872122109
334,13,529.0,1767.79,2015.18,2015.18,0.0,0.0
335,9,1155.0,1346.4,2248.12,2248.12,0.0,0.0
336,7,1185.0,1768.01,2072.18,2072.18,0.0,0.0
337,5,763.0,1420.94,1777.14,1777.14,0.0,0.0
338,7,368.0,1231.69,1550.04,1550.04,0.0,0.0
339,6,659.0,322.1,972.58,972.58,0.0,0.0
340,14,1138.0,518.18,1696.86,1696.86,0.0,0.0
341,6,172.0,1977.78,1603.89,1603.89,0.0,0.0
342,6,628.0,311.47,903.3,903.3,0.0,0.0
343,2,500.0,1246.48,1264.53,1264.53,0.0,0.0
344,8,7.0,2075.6,1422.12,1422.12,0.0,0.0
345,5,942.0,2092.87,1696.72,1696.72,0.0,0.0
346,12,81.0,2485.34,1589.65,1589.65,0.0,0.0
347,4,166.0,791.52,866.18,707.88,-158.29999999999995,-18.275647094137472
348,3,213.0,1724.85,1344.71,1344.71,0.0,0.0
349,11,1004.0,167.15,1175.65,1175.65,0.0,0.0
350,5,116.0,478.1,624.04,624.04,0.0,0.0
351,13,112.0,2299.56,1807.67,1807.67,0.0,0.0
352,1,43.0,2149.22,1134.47,1092.94,-41.52999999999997,-3.6607402575652044
353,2,660.0,1944.4,1531.2,1531.2,0.0,0.0
354,10,888.0,298.68,1171.54,1171.54,0.0,0.0
355,10,860.0,2380.76,1759.97,1759.97,0.0,0.0
356,10,1187.0,1981.09,2013.21,1894.85,-118.36000000000013,-5.879168094734286
357,12,1139.0,124.65,1314.3,1314.3,0.0,0.0
358,5,966.0,359.51,927.98,927.98,0.0,0.0
359,10,796.0,1352.08,2000.19,2000.19,0.0,0.0
360,9,72.0,1281.32,1515.54,1515.54,0.0,0.0
361,10,215.0,2440.91,1638.66,1638.66,0.0,0.0
362,7,671.0,1297.02,1703.2,1704.06,0.8599999999999,0.050493189290740946
363,5,230.0,333.69,538.36,538.36,0.0,0.0
364,5,467.0,1243.31,1549.82,1514.4,-35.419999999999845,-2.2854266947129243
365,13,247.0,2339.61,1705.9,1705.9,0.0,0.0
366,14,777.0,1248.61,1837.25,2098.07,260.82000000000016,14.196217172404419
367,11,740.0,1171.99,902.09,902.09,0.0,0.0
368,6,884.0,1798.31,1897.87,1897.87,0.0,0.0
369,5,789.0,1853.31,1792.88,1792.88,0.0,0.0
370,4,825.0,874.99,784.52,784.52,0.0,0.0
371,2,301.0,769.23,731.28,572.73,-158.54999999999995,-21.68116179849031
372,12,1007.0,1353.77,1925.32,2162.03,236.71000000000026,12.294579602351831
373,5,865.0,644.79,1202.46,1202.46,0.0,0.0
374,14,81.0,1251.97,1682.62,1682.62,0.0,0.0
375,8,1159.0,2175.27,1752.18,1752.18,0.0,0.0
376,11,496.0,373.98,1152.99,1152.99,0.0,0.0
377,1,752.0,1632.35,1362.39,1362.39,0.0,0.0
378,5,1014.0,1853.57,1749.31,1696.72,-52.58999999999992,-3.0063282094082764
379,9,686.0,145.66,972.95,972.95,0.0,0.0
380,5,654.0,1272.89,1724.68,1724.68,0.0,0.0
381,8,621.0,2391.34,1593.12,1593.12,0.0,0.0
382,9,1080.0,539.51,1306.91,1306.91,0.0,0.0
383,10,714.0,269.06,1067.81,1110.6,42.789999999999964,4.007267210458786
384,10,816.0,1425.64,1872.81,1872.81,0.0,0.0
385,14,1122.0,1766.25,2239.35,2239.35,0.0,0.0
386,4,1202.0,1074.87,1501.24,1501.24,0.0,0.0
387,5,651.0,1573.3,1682.08,1682.08,0.0,0.0
388,14,1100.0,237.69,1265.57,1265.57,0.0,0.0
389,14,296.0,485.68,924.9,924.9,0.0,0.0
390,1,697.0,2148.5,1421.07,1421.07,0.0,0.0
391,6,1044.0,47.46,1133.45,1133.45,0.0,0.0
392,12,398.0,2481.44,1755.18,1755.18,0.0,0.0
393,3,139.0,2428.89,1345.66,1345.66,0.0,0.0
394,6,84.0,852.7,1109.32,1109.32,0.0,0.0
395,2,423.0,1639.17,1367.64,1367.64,0.0,0.0
396,11,815.0,2385.6,1872.44,1872.44,0.0,0.0
397,6,577.0,897.74,1257.31,1257.31,0.0,0.0
398,8,200.0,1508.89,1461.33,1461.33,0.0,0.0
399,9,1102.0,540.6,1455.85,1455.85,0.0,0.0
400,12,508.0,1970.54,1770.91,1770.91,0.0,0.0
401,13,1024.0,1712.85,2097.69,2097.69,0.0,0.0
402,7,1161.0,1499.97,1862.45,1862.45,0.0,0.0
403,2,730.0,285.24,624.78,624.78,0.0,0.0
404,13,996.0,1809.2,1956.89,1956.89,0.0,0.0
405,5,1160.0,1901.83,1673.89,1673.89,0.0,0.0
406,2,1139.0,306.43,726.14,726.14,0.0,0.0
407,14,191.0,2442.76,1798.47,1798.47,0.0,0.0
408,7,776.0,2447.82,1826.93,1826.93,0.0,0.0
409,14,414.0,1919.7,1918.89,1831.92,-86.97000000000003,-4.532307740412427
410,7,847.0,1994.62,1851.7,1851.7,0.0,0.0
411,6,924.0,1227.21,1871.76,1871.76,0.0,0.0
412,2,933.0,1589.58,1489.99,1432.79,-57.200000000000045,-3.838951939274763
413,1,211.0,958.08,891.9,891.9,0.0,0.0
414,10,773.0,865.92,1837.11,1837.11,0.0,0.0
415,3,196.0,1211.68,1229.87,1229.87,0.0,0.0
416,14,49.0,954.02,1480.87,1480.87,0.0,0.0
417,5,477.0,655.24,935.38,935.38,0.0,0.0
418,5,828.0,1606.84,1690.82,1690.82,0.0,0.0
419,11,458.0,1364.29,1649.04,1649.04,0.0,0.0
420,3,289.0,1245.67,1279.31,1279.31,0.0,0.0
421,1,1060.0,501.67,658.14,658.14,0.0,0.0
422,5,1085.0,2486.43,1664.83,1664.83,0.0,0.0
423,4,675.0,381.48,779.68,779.68,0.0,0.0
424,8,415.0,1214.97,1473.75,1473.75,0.0,0.0
425,6,425.0,709.75,1114.9,1114.9,0.0,0.0
426,7,313.0,2408.02,1637.65,1634.04,-3.6100000000001273,-0.2204378224895507
427,13,235.0,426.07,897.26,897.26,0.0,0.0
428,7,635.0,1406.31,1630.66,1630.66,0.0,0.0
429,10,1009.0,2164.22,1889.87,1889.87,0.0,0.0
430,3,692.0,450.7,748.57,751.16,2.589999999999918,0.3459930267042385
431,2,91.0,1073.76,1013.78,1013.78,0.0,0.0
432,8,1187.0,1045.91,2047.06,2047.06,0.0,0.0
433,14,600.0,1120.05,1847.84,1915.79,67.95000000000005,3.6772664299939417
434,5,210.0,710.49,483.34,483.34,0.0,0.0
435,12,10.0,1203.1,1564.9,1564.9,0.0,0.0
436,1,452.0,275.05,282.89,282.89,0.0,0.0
437,4,256.0,2218.74,1476.03,1443.02,-33.00999999999999,-2.236404409124475
438,8,312.0,2383.17,1557.27,1557.27,0.0,0.0
439,2,1175.0,816.2,1237.62,1237.62,0.0,0.0
440,11,960.0,383.64,1248.46,1175.65,-72.80999999999995,-5.831985005526804
441,6,690.0,1009.37,1559.83,1559.83,0.0,0.0
442,14,487.0,579.29,1516.68,1516.68,0.0,0.0
443,8,75.0,315.71,593.83,593.83,0.0,0.0
444,13,360.0,271.93,1017.64,1017.64,0.0,0.0
445,11,708.0,1871.77,1916.37,1916.37,0.0,0.0
446,3,182.0,347.82,384.77,406.36,21.590000000000032,5.611144319983375
447,10,683.0,2442.92,1643.68,1643.68,0.0,0.0
448,5,392.0,1264.6,1465.72,1465.72,0.0,0.0
449,10,175.0,1443.25,1635.5,1635.5,0.0,0.0
450,7,577.0,1959.13,1603.6,1603.6,0.0,0.0
451,13,799.0,951.92,1793.36,1793.36,0.0,0.0
452,13,608.0,370.89,1170.54,1396.28,225.74,19.28511627112273
453,7,194.0,202.49,686.23,686.23,0.0,0.0
454,13,889.0,232.72,1394.38,1394.38,0.0,0.0
455,7,901.0,136.8,1222.6,1222.6,0.0,0.0
456,1,698.0,1525.82,1398.75,1398.75,0.0,0.0
457,9,592.0,793.55,1235.69,1235.69,0.0,0.0
458,14,1015.0,871.76,1846.41,1846.41,0.0,0.0
459,9,524.0,136.46,848.89,848.89,0.0,0.0
460,5,781.0,2114.27,1789.85,1789.85,0.0,0.0
461,3,200.0,58.24,494.63,494.63,0.0,0.0
462,5,503.0,2335.55,1649.42,1649.42,0.0,0.0
463,11,667.0,2221.67,1872.89,1753.56,-119.33000000000015,-6.371436656717701
464,7,336.0,1843.58,1691.68,1691.68,0.0,0.0
465,4,217.0,1506.46,1455.37,1455.37,0.0,0.0
466,8,207.0,1146.93,1479.01,1479.01,0.0,0.0
467,7,690.0,1807.71,1710.98,1710.98,0.0,0.0
468,2,251.0,1916.43,1285.2,1285.2,0.0,0.0
469,4,627.0,956.98,1337.63,1337.63,0.0,0.0
470,1,432.0,581.71,448.34,448.34,0.0,0.0
471,4,1194.0,2250.51,1691.15,1691.15,0.0,0.0
472,10,64.0,455.9,774.64,774.64,0.0,0.0
473,8,15.0,377.85,657.8,657.8,0.0,0.0
474,11,741.0,1207.39,1878.06,1878.06,0.0,0.0
475,8,638.0,1007.48,1483.06,1483.06,0.0,0.0
476,12,965.0,1700.28,1879.09,1879.09,0.0,0.0
477,8,1182.0,990.07,1840.75,1840.75,0.0,0.0
478,13,1062.0,869.28,2090.54,2090.54,0.0,0.0
479,1,754.0,1220.47,1346.14,1346.14,0.0,0.0
480,14,767.0,186.47,1292.77,993.55,-299.22,-23.14564849122427
481,11,775.0,1752.23,1809.29,1809.29,0.0,0.0
482,8,592.0,1402.98,1561.41,1561.41,0.0,0.0
483,6,957.0,727.75,1448.72,1448.72,0.0,0.0
484,9,800.0,2167.72,1726.51,1726.51,0.0,0.0
485,6,1198.0,222.6,1107.96,1107.96,0.0,0.0
486,3,1092.0,1737.65,1462.01,1462.01,0.0,0.0
487,12,958.0,2499.84,1791.69,1760.0,-31.690000000000055,-1.7687211515384944
488,11,955.0,1282.19,2000.42,2000.42,0.0,0.0
489,11,605.0,1880.69,1711.55,1711.55,0.0,0.0
490,7,670.0,1558.02,1702.81,1702.81,0.0,0.0
491,11,844.0,1962.77,1787.57,1787.57,0.0,0.0
492,3,718.0,1158.02,1416.98,1416.98,0.0,0.0
493,6,323.0,1477.23,1608.55,1608.55,0.0,0.0
494,14,616.0,2374.41,1828.37,1807.33,-21.039999999999964,-1.1507517624988357
495,8,752.0,1519.78,1662.92,1839.05,176.12999999999988,10.591609939143186
496,1,1166.0,1423.69,1412.13,1412.13,0.0,0.0
497,3,1187.0,1632.14,1451.85,1451.85,0.0,0.0
498,3,1013.0,166.52,711.07,711.07,0.0,0.0
499,5,741.0,429.24,951.92,951.92,0.0,0.0
500,14,467.0,2176.26,1809.83,1752.03,-57.799999999999955,-3.1936701237132747
501,3,224.0,358.77,406.36,406.36,0.0,0.0
502,3,712.0,512.23,751.16,751.16,0.0,0.0
503,12,218.0,901.03,1371.86,1371.86,0.0,0.0
504,6,373.0,587.38,956.61,956.61,0.0,0.0
505,8,562.0,2479.33,1478.31,1478.31,0.0,0.0
506,5,132.0,2387.03,1454.05,1454.05,0.0,0.0
507,3,98.0,871.46,866.05,866.05,0.0,0.0
508,14,545.0,1206.76,1977.89,1977.89,0.0,0.0
509,1,869.0,1498.88,1398.94,1398.94,0.0,0.0
510,2,875.0,393.25,640.56,640.56,0.0,0.0
511,8,888.0,2296.07,1718.71,1718.71,0.0,0.0
512,1,716.0,1396.41,1376.59,1376.59,0.0,0.0
513,8,1025.0,1031.33,2214.64,2214.64,0.0,0.0
514,9,1064.0,2016.76,1810.94,1728.07,-82.87000000000012,-4.576076512750291
515,4,463.0,1963.41,1607.34,1607.34,0.0,0.0
516,1,678.0,1478.57,1370.31,1370.31,0.0,0.0
517,1,436.0,1358.14,1154.03,1154.03,0.0,0.0
518,5,586.0,2135.36,1661.61,1661.61,0.0,0.0
519,1,797.0,126.8,543.18,543.18,0.0,0.0
520,14,481.0,939.99,877.17,877.17,0.0,0.0
521,7,172.0,1486.86,1557.94,1557.94,0.0,0.0
522,10,1192.0,23.47,1157.87,1366.61,208.74,18.02793059669911
523,7,981.0,658.85,1351.69,1253.76,-97.93000000000006,-7.245004401896889
524,10,692.0,1671.71,1701.23,1701.23,0.0,0.0
525,13,710.0,2223.86,1979.83,1979.83,0.0,0.0
526,12,380.0,1526.79,1787.41,1787.41,0.0,0.0
527,3,133.0,1728.5,1373.4,1345.66,-27.74000000000001,-2.0198048638415615
528,4,730.0,799.25,1250.66,1237.62,-13.040000000000191,-1.0426494810740081
529,12,1070.0,1055.51,2030.76,2159.33,128.56999999999994,6.331127262699676
530,8,1185.0,554.98,1545.67,1306.91,-238.76,-15.447022973855997
531,11,456.0,2223.72,1600.1,1600.1,0.0,0.0
532,12,85.0,1056.43,1466.31,1466.31,0.0,0.0
533,2,543.0,103.37,544.12,544.12,0.0,0.0
534,6,367.0,1947.68,1606.76,1606.76,0.0,0.0
535,1,481.0,1792.17,1215.84,1198.24,-17.59999999999991,-1.4475588893275357
536,5,233.0,1862.04,1562.23,1562.23,0.0,0.0
537,1,45.0,1070.22,922.69,922.69,0.0,0.0
538,5,152.0,2444.81,1523.75,1523.75,0.0,0.0
539,7,344.0,1242.05,1514.4,1514.4,0.0,0.0
540,5,320.0,1584.55,1584.73,1584.73,0.0,0.0
541,9,989.0,378.12,1193.72,1193.72,0.0,0.0
542,10,57.0,936.89,1237.07,1237.07,0.0,0.0
543,12,342.0,2253.61,1659.5,1705.9,46.40000000000009,2.796022898463398
544,2,983.0,2109.93,1519.98,1549.54,29.559999999999945,1.9447624310846159
545,10,886.0,1990.03,1749.93,1749.93,0.0,0.0
546,10,5.0,836.86,1116.56,1116.56,0.0,0.0
547,3,80.0,517.54,457.49,457.49,0.0,0.0
548,8,482.0,1411.49,631.81,631.81,0.0,0.0
549,4,11.0,312.01,426.22,303.2,-123.02000000000004,-28.863028482943086
550,12,1075.0,2328.11,1798.38,1843.97,45.58999999999992,2.5350593311758316
551,13,632.0,268.91,1396.28,1396.28,0.0,0.0
552,8,323.0,46.48,703.45,703.45,0.0,0.0
553,11,527.0,1550.32,1806.06,1806.06,0.0,0.0
554,5,948.0,898.6,1499.68,1499.68,0.0,0.0
555,5,504.0,1502.63,1628.66,1547.5,-81.16000000000008,-4.983237753736205
556,10,793.0,1422.29,2007.62,2007.62,0.0,0.0
557,13,32.0,232.43,805.12,805.12,0.0,0.0
558,9,768.0,1815.6,1666.18,1666.18,0.0,0.0
559,9,994.0,1742.62,1849.58,1849.58,0.0,0.0
560,1,1105.0,1432.3,1387.17,1403.6,16.429999999999836,1.1844258454262877
561,12,178.0,507.59,907.19,907.19,0.0,0.0
562,10,472.0,431.95,924.65,924.65,0.0,0.0
563,5,716.0,1111.23,1492.08,1492.08,0.0,0.0
564,3,771.0,725.67,1166.93,1166.93,0.0,0.0
565,13,1054.0,1131.25,2162.03,2162.03,0.0,0.0
566,10,872.0,2191.27,1776.62,1776.62,0.0,0.0
567,12,1077.0,32.55,1387.43,1387.43,0.0,0.0
568,12,211.0,749.56,1285.23,1285.23,0.0,0.0
569,4,199.0,1310.01,1400.57,1400.57,0.0,0.0
570,2,1029.0,1702.6,1577.55,1577.55,0.0,0.0
571,10,643.0,2263.77,1685.92,1780.65,94.73000000000002,5.6188905760652945
572,10,797.0,1706.73,1724.42,1724.42,0.0,0.0
573,12,657.0,322.5,1113.16,1113.16,0.0,0.0
574,8,177.0,486.06,751.58,751.58,0.0,0.0
575,2,222.0,456.24,437.4,437.4,0.0,0.0
576,3,555.0,2342.76,1458.63,1458.63,0.0,0.0
577,2,785.0,1964.63,1522.76,1522.76,0.0,0.0
578,5,104.0,281.67,464.68,464.68,0.0,0.0
579,1,673.0,2026.16,1372.83,1421.07,48.24000000000001,3.513909224011714
580,10,877.0,1711.12,1897.37,1897.37,0.0,0.0
581,1,250.0,1300.17,1145.33,1145.33,0.0,0.0
582,1,467.0,296.49,221.23,221.23,0.0,0.0
583,10,1026.0,828.82,1865.67,1865.67,0.0,0.0
584,11,1106.0,2250.54,2050.62,1843.97,-206.64999999999986,-10.077439993757979
585,12,452.0,816.56,1243.1,1155.05,-88.04999999999995,-7.083098704850774
586,14,865.0,2497.16,1885.87,1885.87,0.0,0.0
587,8,107.0,2450.89,1468.19,1468.19,0.0,0.0
588,8,80.0,1092.18,1365.73,1365.73,0.0,0.0
589,8,945.0,766.98,1625.53,1625.53,0.0,0.0
590,13,1140.0,1607.8,2214.64,2239.35,24.710000000000036,1.1157569627569284
591,2,636.0,1438.19,1435.96,1459.34,23.37999999999988,1.6281790579124684
592,14,865.0,1422.11,1921.18,1921.18,0.0,0.0
593,12,482.0,1710.47,1746.74,1746.74,0.0,0.0
594,2,68.0,756.61,648.53,648.53,0.0,0.0
595,14,512.0,526.84,1306.64,1306.64,0.0,0.0
596,14,1001.0,1647.24,2080.0,2337.73,257.73,12.390865384615385
597,1,547.0,573.6,616.27,616.27,0.0,0.0
598,10,5.0,1338.9,1610.25,1610.25,0.0,0.0
599,3,1158.0,1107.4,1361.3,1361.3,0.0,0.0
600,1,993.0,1143.58,1328.85,1264.53,-64.31999999999994,-4.840275426120325
601,6,378.0,837.63,1215.96,1215.96,0.0,0.0
602,11,1156.0,2231.86,1988.56,1843.97,-144.58999999999992,-7.271090638451941
603,5,1050.0,882.86,1430.04,1430.04,0.0,0.0
604,8,836.0,735.52,1606.63,1606.63,0.0,0.0
605,11,654.0,1516.42,1870.43,2030.59,160.15999999999985,8.562736910763826
606,8,633.0,1308.36,1639.12,1639.12,0.0,0.0
607,12,713.0,1642.01,1873.19,1873.19,0.0,0.0
608,5,96.0,1105.47,1312.16,1312.16,0.0,0.0
609,7,1054.0,576.47,1344.18,1344.18,0.0,0.0
610,12,495.0,1948.13,1831.92,1831.92,0.0,0.0
611,1,1068.0,2011.28,1421.45,1421.45,0.0,0.0
612,7,1000.0,1620.46,1971.23,1971.23,0.0,0.0
613,13,855.0,1798.75,1951.77,1951.77,0.0,0.0
614,8,544.0,1279.51,1483.77,631.81,-851.96,-57.41860261361262
615,11,816.0,544.99,1077.12,1077.12,0.0,0.0
616,5,1080.0,2383.82,1664.76,1664.76,0.0,0.0
617,8,1124.0,1908.69,1833.27,1833.27,0.0,0.0
618,3,29.0,1632.85,1269.1,1261.41,-7.689999999999827,-0.6059412181861026
619,6,470.0,2235.72,1628.6,1628.6,0.0,0.0
620,7,287.0,2293.5,1558.09,1558.09,0.0,0.0
621,4,72.0,1367.29,1302.97,1302.97,0.0,0.0
622,6,344.0,233.31,800.18,828.16,27.980000000000018,3.4967132395211107
623,8,801.0,1241.21,1780.65,1780.65,0.0,0.0
624,5,629.0,484.34,1029.87,1029.87,0.0,0.0
625,11,327.0,961.08,1356.46,1356.46,0.0,0.0
626,14,94.0,105.94,1180.63,1180.63,0.0,0.0
627,4,1113.0,2103.82,1695.08,1691.15,-3.9299999999998363,-0.23184746442644807
628,14,267.0,2090.21,1968.4,1968.4,0.0,0.0
629,1,979.0,1292.54,1313.53,1313.53,0.0,0.0
630,10,625.0,519.94,1229.41,1229.41,0.0,0.0
631,14,457.0,848.61,1492.64,1492.64,0.0,0.0
632,11,398.0,723.39,1154.77,1154.77,0.0,0.0
633,14,68.0,438.96,866.76,866.76,0.0,0.0
634,3,769.0,2497.93,1587.8,1587.8,0.0,0.0
635,13,694.0,1054.31,1815.02,1815.02,0.0,0.0
636,12,1088.0,1977.91,1883.21,1903.76,20.549999999999955,1.0912219030272754
637,9,101.0,950.23,1281.64,1237.07,-44.570000000000164,-3.477575606254499
638,1,170.0,2452.85,1209.08,1209.08,0.0,0.0
639,12,1135.0,475.95,1447.39,1447.39,0.0,0.0
640,3,1109.0,2092.26,1436.66,1436.66,0.0,0.0
641,7,753.0,358.13,1084.79,1084.79,0.0,0.0
642,2,521.0,467.19,667.85,667.85,0.0,0.0
643,12,1003.0,983.23,1996.18,1996.18,0.0,0.0
644,3,269.0,708.05,799.12,572.73,-226.39,-28.32991290419461
645,14,646.0,2418.19,1931.21,1807.33,-123.88000000000011,-6.414631241553229
646,14,1153.0,346.58,1292.93,1292.93,0.0,0.0
647,4,18.0,289.06,380.88,380.88,0.0,0.0
648,13,1167.0,1074.36,2197.33,2197.33,0.0,0.0
649,1,1113.0,1536.0,1403.6,1403.6,0.0,0.0
650,6,930.0,1907.95,1788.75,1851.7,62.950000000000045,3.519217330538088
651,5,714.0,617.72,1164.2,1090.31,-73.8900000000001,-6.346847620683739
652,7,256.0,2180.53,1548.87,1548.87,0.0,0.0
653,9,1063.0,2497.79,1761.94,1728.07,-33.87000000000012,-1.9223129050932561
654,11,512.0,2016.19,1710.53,1710.53,0.0,0.0
655,9,463.0,1024.53,1476.48,1476.48,0.0,0.0
656,12,714.0,2003.23,1829.06,1829.06,0.0,0.0
657,9,1165.0,1868.79,1945.95,1894.85,-51.100000000000136,-2.6259667514581633
658,1,872.0,2420.07,1456.34,1456.34,0.0,0.0
659,10,631.0,1220.71,1730.86,1730.86,0.0,0.0
660,9,633.0,888.17,1384.78,1384.78,0.0,0.0
661,4,1065.0,119.34,781.82,667.98,-113.84000000000003,-14.560896370008445
662,12,947.0,193.05,1225.63,1225.63,0.0,0.0
663,4,159.0,568.58,647.0,616.27,-30.730000000000018,-4.749613601236479
664,1,292.0,449.83,363.02,363.02,0.0,0.0
665,1,1115.0,926.13,1192.88,1192.88,0.0,0.0
666,7,1168.0,667.94,1639.55,1639.55,0.0,0.0
667,4,348.0,2047.08,1507.04,1507.04,0.0,0.0
668,8,77.0,1930.98,1485.69,1485.69,0.0,0.0
669,7,1033.0,1013.03,2119.83,2132.85,13.019999999999982,0.6142001952986788
670,4,672.0,1603.52,1612.43,1612.43,0.0,0.0
671,4,1191.0,999.45,1478.93,1501.24,22.309999999999945,1.508523053829454
672,8,392.0,661.27,978.13,978.13,0.0,0.0
673,7,951.0,584.4,1253.76,1253.76,0.0,0.0
674,5,778.0,2423.47,1643.96,1643.96,0.0,0.0
675,11,958.0,1999.13,1900.18,1900.18,0.0,0.0
676,3,186.0,1068.31,1152.04,1152.04,0.0,0.0
677,5,1116.0,2460.46,1711.97,1711.97,0.0,0.0
678,13,63.0,107.92,710.25,704.94,-5.309999999999945,-0.7476240760295594
679,6,170.0,476.99,600.23,624.04,23.809999999999945,3.966812721789971
680,3,870.0,413.23,795.8,726.14,-69.65999999999997,-8.753455642121132
681,12,852.0,1957.9,1944.89,1944.89,0.0,0.0
682,6,420.0,386.77,929.16,929.16,0.0,0.0
683,6,668.0,1922.45,1796.98,1796.98,0.0,0.0
684,8,795.0,1645.99,644.69,644.69,0.0,0.0
685,4,420.0,927.74,1238.04,1238.04,0.0,0.0
686,12,1074.0,2407.71,1843.97,1843.97,0.0,0.0
687,12,916.0,2394.85,1740.85,1740.85,0.0,0.0
688,4,1075.0,586.17,1023.65,1090.31,66.65999999999997,6.511991403311676
689,5,1143.0,1217.72,1745.09,1745.09,0.0,0.0
690,2,719.0,591.44,755.3,788.53,33.23000000000002,4.399576327287173
691,4,197.0,1858.84,1416.33,1416.33,0.0,0.0
692,6,248.0,395.4,710.15,710.15,0.0,0.0
693,10,834.0,1820.8,1883.49,1787.57,-95.92000000000007,-5.092673706788997
694,1,1112.0,2011.44,1423.85,1423.85,0.0,0.0
695,12,1189.0,1453.16,2162.13,2162.13,0.0,0.0
696,14,269.0,1349.61,1832.34,1832.34,0.0,0.0
697,7,671.0,1262.85,1600.42,1600.42,0.0,0.0
698,9,52.0,350.58,601.81,805.12,203.31000000000006,33.783087685482144
699,14,976.0,1526.58,1995.87,1995.87,0.0,0.0
700,2,370.0,1554.5,1311.23,1311.23,0.0,0.0
701,4,1180.0,1948.55,1565.16,1565.16,0.0,0.0
702,5,36.0,2022.94,1410.58,1410.58,0.0,0.0
703,5,691.0,1030.64,1465.26,1465.26,0.0,0.0
704,8,52.0,2353.5,1485.05,1485.05,0.0,0.0
705,11,24.0,2029.04,1569.37,1569.37,0.0,0.0
706,8,221.0,936.98,1287.0,1287.0,0.0,0.0
707,1,85.0,89.83,175.53,175.53,0.0,0.0
708,7,803.0,12.75,1146.78,1146.78,0.0,0.0
709,12,893.0,910.41,1862.13,1862.13,0.0,0.0
710,14,113.0,1091.13,1703.02,1703.02,0.0,0.0
711,5,516.0,1878.49,669.85,669.85,0.0,0.0
712,14,904.0,2005.96,1970.01,1970.01,0.0,0.0
713,1,1058.0,1601.04,1465.9,1465.9,0.0,0.0
714,14,555.0,313.73,1201.26,1396.28,195.01999999999998,16.23462031533556
715,7,738.0,730.28,1429.72,1090.35,-339.3700000000001,-23.7368156002574
716,8,792.0,2437.24,1556.7,1556.7,0.0,0.0
717,5,831.0,432.8,901.36,951.92,50.559999999999945,5.609301499955617
718,7,709.0,320.8,1116.62,1116.62,0.0,0.0
719,9,1078.0,161.85,1260.96,1260.96,0.0,0.0
720,2,616.0,968.93,1163.1,1163.1,0.0,0.0
721,2,570.0,2297.12,1423.86,1423.86,0.0,0.0
722,9,13.0,986.41,1271.52,1237.07,-34.450000000000045,-2.7093557317226664
723,7,381.0,2106.96,1705.27,1705.27,0.0,0.0
724,9,460.0,2424.47,1624.68,1624.68,0.0,0.0
725,4,425.0,1286.54,1449.26,1449.26,0.0,0.0
726,11,437.0,1053.24,1630.47,1630.47,0.0,0.0
727,9,1000.0,1901.79,1778.65,1778.65,0.0,0.0
728,1,553.0,1687.11,1295.34,1295.34,0.0,0.0
729,10,5.0,1094.06,1361.08,1361.08,0.0,0.0
730,12,931.0,864.21,1663.58,1663.58,0.0,0.0
731,6,436.0,914.53,1389.11,1389.11,0.0,0.0
732,3,1074.0,247.32,636.02,636.02,0.0,0.0
733,9,896.0,1398.54,1727.1,1727.1,0.0,0.0
734,1,462.0,2047.57,1202.9,1202.9,0.0,0.0
735,3,665.0,2418.16,1490.96,1490.96,0.0,0.0
736,11,532.0,2419.86,1653.69,1653.69,0.0,0.0
737,9,483.0,52.64,949.04,949.04,0.0,0.0
738,12,296.0,326.83,981.72,676.38,-305.34000000000003,-31.102554699914435
739,9,131.0,1990.0,1557.2,1557.2,0.0,0.0
740,6,836.0,2035.17,1718.79,1718.79,0.0,0.0
741,10,532.0,1223.36,1631.49,1561.41,-70.07999999999993,-4.295459978302039
742,14,595.0,2140.61,1989.13,1980.99,-8.1400000000001,-0.40922413316374995
743,7,623.0,1894.02,1739.49,1739.49,0.0,0.0
744,5,1077.0,2234.35,1665.23,1665.23,0.0,0.0
745,5,579.0,1018.52,1468.01,1468.01,0.0,0.0
746,8,255.0,1817.19,1510.91,1510.91,0.0,0.0
747,8,1009.0,1378.07,1903.76,1903.76,0.0,0.0
748,10,87.0,498.96,781.97,781.97,0.0,0.0
749,1,809.0,1734.56,1447.25,1447.25,0.0,0.0
750,9,1079.0,1981.94,1763.16,1728.07,-35.090000000000146,-1.9901767281471985
751,8,1134.0,1049.84,2073.13,2073.13,0.0,0.0
752,8,403.0,654.97,895.14,895.14,0.0,0.0
753,8,534.0,429.88,916.02,916.02,0.0,0.0
754,13,564.0,2245.56,1745.09,1752.03,6.940000000000055,0.397687225300704
755,2,752.0,958.29,1144.41,1144.41,0.0,0.0
756,11,293.0,1410.0,1673.7,1673.7,0.0,0.0
757,5,919.0,470.23,1119.17,1119.17,0.0,0.0
758,5,103.0,333.22,573.58,573.58,0.0,0.0
759,1,893.0,19.76,570.71,570.71,0.0,0.0
760,12,37.0,52.65,789.01,789.01,0.0,0.0
761,8,1142.0,776.74,1827.44,1827.44,0.0,0.0
762,5,332.0,218.03,801.73,686.23,-115.5,-14.406346276177764
763,7,950.0,1739.62,2032.23,2032.23,0.0,0.0
764,9,223.0,1916.03,1623.73,1623.73,0.0,0.0
765,6,522.0,1210.87,1577.01,1550.04,-26.970000000000027,-1.710198413453309
766,12,46.0,2077.07,1666.29,1666.29,0.0,0.0
767,2,252.0,1545.94,1300.19,1300.19,0.0,0.0
768,14,999.0,619.42,1510.57,1696.86,186.28999999999996,12.332430804265936
769,13,125.0,2004.61,1721.56,1721.56,0.0,0.0
770,9,597.0,625.99,990.84,990.84,0.0,0.0
771,3,289.0,853.79,969.85,969.85,0.0,0.0
772,7,953.0,1918.24,1833.56,1833.56,0.0,0.0
773,4,275.0,2359.64,1483.58,1483.58,0.0,0.0
774,5,755.0,1584.41,1729.08,1729.08,0.0,0.0
775,9,803.0,880.17,1589.75,1589.75,0.0,0.0
776,11,293.0,285.14,966.87,966.87,0.0,0.0
777,6,164.0,1460.21,1535.3,1535.3,0.0,0.0
778,12,675.0,2277.93,1807.33,1807.33,0.0,0.0
779,11,859.0,146.71,1267.98,1267.98,0.0,0.0
780,2,296.0,1878.7,1354.0,1354.0,0.0,0.0
781,7,300.0,2417.85,1634.04,1634.04,0.0,0.0
782,2,1155.0,1517.18,1543.17,1543.17,0.0,0.0
783,5,765.0,480.48,1038.42,1038.42,0.0,0.0
784,9,1097.0,2330.2,1728.07,1728.07,0.0,0.0
785,4,422.0,2049.71,1491.9,1491.9,0.0,0.0
786,14,1020.0,510.33,1406.95,1406.95,0.0,0.0
787,4,205.0,545.57,682.22,682.22,0.0,0.0
788,12,1046.0,1850.85,1875.72,1899.69,23.970000000000027,1.2779092828353926
789,4,1001.0,739.08,1116.31,1116.31,0.0,0.0
790,9,938.0,742.17,1632.1,1632.1,0.0,0.0
791,5,351.0,407.74,883.11,883.11,0.0,0.0
792,9,748.0,653.42,1249.66,1249.66,0.0,0.0
793,13,1186.0,2462.26,1906.35,1906.35,0.0,0.0
794,6,384.0,1656.04,1682.33,1682.33,0.0,0.0
795,10,150.0,418.41,844.9,844.9,0.0,0.0
796,10,783.0,158.93,993.55,993.55,0.0,0.0
797,6,372.0,2494.69,1742.34,1742.34,0.0,0.0
798,10,958.0,1643.76,1827.18,1827.18,0.0,0.0
799,8,34.0,1225.2,1438.52,1438.52,0.0,0.0
800,7,151.0,2461.93,1516.58,1516.58,0.0,0.0
801,7,150.0,1379.35,1500.09,1461.33,-38.75999999999999,-2.5838449693018415
802,6,751.0,2085.98,1757.81,1757.81,0.0,0.0
803,7,568.0,159.12,738.92,703.45,-35.469999999999914,-4.80024901207166
804,12,574.0,2240.9,1785.72,1785.72,0.0,0.0
805,13,36.0,808.38,1190.16,1190.16,0.0,0.0
806,14,595.0,1818.77,1889.9,1889.9,0.0,0.0
807,7,381.0,2342.27,1705.24,1705.24,0.0,0.0
808,14,174.0,815.3,1295.14,1295.14,0.0,0.0
809,11,226.0,2013.45,1590.82,1590.82,0.0,0.0
810,13,137.0,1505.66,1777.72,1777.72,0.0,0.0
811,13,774.0,206.45,1110.0,993.55,-116.45000000000005,-10.490990990990994
812,5,1120.0,1514.91,1658.97,1702.81,43.83999999999992,2.6426035431623185
813,4,862.0,2335.55,1698.94,1698.94,0.0,0.0
814,8,829.0,1147.89,2004.34,2004.34,0.0,0.0
815,4,380.0,446.66,764.24,764.24,0.0,0.0
816,9,238.0,1197.83,1560.78,1560.78,0.0,0.0
817,13,1199.0,493.0,1634.13,1447.39,-186.74,-11.427487409202449
818,12,710.0,1249.41,1921.09,1921.09,0.0,0.0
819,14,719.0,1973.14,1980.99,1980.99,0.0,0.0
820,1,482.0,1697.08,1198.24,1198.24,0.0,0.0
821,9,444.0,725.31,1062.52,1154.77,92.25,8.682189511726838
822,11,610.0,1990.79,1753.56,1753.56,0.0,0.0
823,4,238.0,1707.28,1483.48,1455.37,-28.110000000000127,-1.8948688219591856
824,2,299.0,1612.7,1282.8,1279.31,-3.490000000000009,-0.2720611163080768
825,10,273.0,799.9,1155.05,1155.05,0.0,0.0
826,3,154.0,274.04,406.91,406.91,0.0,0.0
827,7,636.0,697.02,1276.06,1375.88,99.82000000000016,7.822516182624654
828,2,1038.0,685.07,962.14,962.14,0.0,0.0
829,2,798.0,2334.41,1485.4,1485.4,0.0,0.0
830,12,601.0,2166.56,1918.46,1699.94,-218.51999999999998,-11.390386038801955
831,6,290.0,814.04,1077.35,1077.35,0.0,0.0
832,8,16.0,259.02,543.56,543.56,0.0,0.0
833,8,303.0,1072.44,1453.25,1453.25,0.0,0.0
834,11,372.0,2048.26,1632.61,1632.61,0.0,0.0
835,3,864.0,2338.52,1513.04,1513.04,0.0,0.0
836,11,913.0,2253.41,1758.56,1758.56,0.0,0.0
837,14,805.0,834.06,1683.49,1683.49,0.0,0.0
838,5,905.0,2317.31,1691.38,1791.96,100.57999999999993,5.946623467227939
839,10,728.0,226.53,1060.47,1060.47,0.0,0.0
840,4,842.0,893.25,1324.64,1324.64,0.0,0.0
841,5,117.0,953.06,1116.8,1116.8,0.0,0.0
842,12,307.0,957.17,1432.75,1432.75,0.0,0.0
843,9,51.0,314.81,704.94,704.94,0.0,0.0
844,7,1071.0,841.11,1699.9,1699.9,0.0,0.0
845,13,922.0,1510.22,1967.87,1967.87,0.0,0.0
846,8,867.0,2373.39,1747.22,1719.37,-27.850000000000136,-1.5939606918419051
847,11,1013.0,1483.3,1952.8,1952.8,0.0,0.0
848,6,1148.0,1525.81,1776.48,1776.48,0.0,0.0
849,12,158.0,2195.67,1625.46,1625.46,0.0,0.0
850,5,1010.0,2054.21,1810.37,1696.72,-113.64999999999986,-6.277722233576554
851,1,682.0,1517.04,1376.04,1376.04,0.0,0.0
852,5,14.0,78.33,406.7,406.7,0.0,0.0
853,6,1203.0,1900.48,1972.88,1972.88,0.0,0.0
854,4,810.0,1852.31,1575.87,1575.87,0.0,0.0
855,3,760.0,2073.25,1522.45,1522.45,0.0,0.0
856,7,868.0,625.09,1403.48,1403.48,0.0,0.0
857,7,205.0,103.31,683.1,683.1,0.0,0.0
858,5,387.0,1882.35,1588.8,1588.8,0.0,0.0
859,11,447.0,130.07,852.02,852.02,0.0,0.0
860,9,482.0,1348.44,1633.26,1630.47,-2.7899999999999636,-0.17082399617941807
861,7,15.0,2436.67,1459.63,1459.63,0.0,0.0
862,10,955.0,1182.33,1950.3,1950.3,0.0,0.0
863,5,41.0,2314.68,1500.28,1500.28,0.0,0.0
864,2,1189.0,1164.74,1666.52,1666.52,0.0,0.0
865,2,762.0,519.74,752.69,752.69,0.0,0.0
866,10,895.0,937.46,1714.8,1575.52,-139.27999999999997,-8.122229997667366
867,13,858.0,2258.01,1889.71,1944.88,55.17000000000007,2.919495583978498
868,11,650.0,524.8,1179.09,1113.16,-65.92999999999984,-5.591600301927745
869,4,198.0,2106.63,1450.67,1450.67,0.0,0.0
870,1,791.0,1927.75,1419.88,1419.88,0.0,0.0
871,14,1020.0,1201.75,2337.73,2337.73,0.0,0.0
872,12,59.0,2247.39,1629.92,1629.92,0.0,0.0
873,8,626.0,545.84,1142.89,1142.89,0.0,0.0
874,5,57.0,559.05,639.73,639.73,0.0,0.0
875,5,908.0,716.7,1375.88,1375.88,0.0,0.0
876,13,8.0,78.44,713.71,713.71,0.0,0.0
877,11,684.0,672.51,1487.93,1487.93,0.0,0.0
878,4,180.0,2365.46,1443.02,1443.02,0.0,0.0
879,13,511.0,1628.33,1915.79,1915.79,0.0,0.0
880,4,231.0,20.39,499.26,570.99,71.73000000000002,14.367263550054085
881,9,1139.0,1973.31,1759.33,1759.33,0.0,0.0
882,9,578.0,1167.71,1587.21,1587.21,0.0,0.0
883,14,530.0,2028.06,2079.14,2079.14,0.0,0.0
884,7,316.0,141.89,837.8,703.45,-134.3499999999999,-16.036046789209827
885,2,897.0,2382.39,1437.95,1485.4,47.450000000000045,3.2998365728989216
886,12,121.0,608.92,1033.44,1033.44,0.0,0.0
887,4,764.0,1417.94,1682.1,1682.1,0.0,0.0
888,11,663.0,2141.08,1715.29,1715.29,0.0,0.0
889,3,91.0,1640.15,1338.3,1338.3,0.0,0.0
890,1,1035.0,1289.84,1317.33,1317.33,0.0,0.0
891,7,125.0,193.62,616.24,616.24,0.0,0.0
892,12,437.0,639.96,1183.74,1183.74,0.0,0.0
893,4,84.0,2243.12,1392.1,1394.55,2.4500000000000455,0.17599310394368547
894,5,716.0,1316.6,1686.98,1777.14,90.16000000000008,5.344461700790767
895,12,18.0,2461.37,1556.78,1556.78,0.0,0.0
896,3,560.0,1664.15,1419.48,1419.48,0.0,0.0
897,3,504.0,63.39,568.17,568.17,0.0,0.0
898,5,1126.0,664.9,1336.74,1336.74,0.0,0.0
899,1,1092.0,390.55,589.11,589.11,0.0,0.0
900,11,273.0,502.37,862.61,897.26,34.64999999999998,4.01687900673537
901,4,6.0,458.7,459.21,459.21,0.0,0.0
902,1,620.0,490.45,678.74,644.12,-34.620000000000005,-5.100627633556297
903,5,659.0,2083.15,1645.06,1785.53,140.47000000000003,8.538898277266485
904,12,353.0,2150.17,1765.67,1765.67,0.0,0.0
905,13,618.0,1982.27,2000.39,2000.39,0.0,0.0
906,2,1158.0,2355.92,1528.91,1528.91,0.0,0.0
907,3,512.0,1251.6,1360.76,1360.76,0.0,0.0
908,5,840.0,941.55,1676.48,1676.48,0.0,0.0
909,7,1086.0,2319.81,1858.36,1858.36,0.0,0.0
910,13,1152.0,864.45,1797.14,1797.14,0.0,0.0
911,4,840.0,1375.42,1580.95,1580.95,0.0,0.0
912,4,724.0,89.99,667.98,667.98,0.0,0.0
913,3,327.0,2141.92,1438.41,1438.41,0.0,0.0
914,13,1055.0,2005.84,1997.52,1997.52,0.0,0.0
915,1,931.0,327.97,609.73,644.12,34.389999999999986,5.640201400619945
916,10,108.0,2181.67,1632.42,1632.42,0.0,0.0
917,13,1204.0,24.47,1344.17,1344.17,0.0,0.0
918,5,517.0,919.25,1288.31,1324.64,36.330000000000155,2.819973453594256
919,8,897.0,1536.36,1944.62,1944.62,0.0,0.0
920,12,988.0,2492.79,1753.84,1753.84,0.0,0.0
921,1,1041.0,1630.25,1466.95,1466.95,0.0,0.0
922,10,454.0,2359.42,1619.0,1619.0,0.0,0.0
923,5,406.0,1084.16,1399.39,1399.39,0.0,0.0
924,4,103.0,1790.07,1394.55,1394.55,0.0,0.0
925,11,198.0,269.95,695.66,966.87,271.21000000000004,38.9859989075123
926,4,477.0,18.97,631.5,631.5,0.0,0.0
927,11,67.0,2455.53,1572.91,1572.91,0.0,0.0
928,7,789.0,185.73,966.26,966.26,0.0,0.0
929,13,70.0,993.7,1492.02,1492.02,0.0,0.0
930,12,59.0,858.62,1377.35,1377.35,0.0,0.0
931,3,1027.0,180.0,804.96,804.96,0.0,0.0
932,3,275.0,543.74,572.73,572.73,0.0,0.0
933,12,180.0,384.42,873.97,873.97,0.0,0.0
934,3,334.0,2449.89,1472.53,1472.53,0.0,0.0
935,7,759.0,1694.02,1960.92,1960.92,0.0,0.0
936,10,174.0,1991.96,1542.4,1542.4,0.0,0.0
937,1,780.0,366.37,516.69,644.12,127.42999999999995,24.662757165805402
938,9,934.0,415.5,1208.82,1208.82,0.0,0.0
939,8,936.0,556.28,1277.26,1253.76,-23.5,-1.8398759845293833
940,1,1002.0,2320.13,1475.4,1475.4,0.0,0.0
941,7,83.0,137.84,482.65,482.65,0.0,0.0
942,9,191.0,789.52,1058.5,1077.35,18.84999999999991,1.7808219178082105
943,3,280.0,1090.37,1256.92,1279.31,22.389999999999873,1.7813385100085823
944,5,644.0,2383.17,1785.53,1785.53,0.0,0.0
945,10,498.0,992.86,1395.03,1395.03,0.0,0.0
946,4,317.0,1793.28,1518.93,1518.93,0.0,0.0
947,4,1100.0,370.61,860.32,860.32,0.0,0.0
948,4,263.0,2469.06,1503.98,1483.58,-20.40000000000009,-1.356401015970963
949,4,932.0,1287.34,1513.28,1501.24,-12.039999999999964,-0.7956227532247808
950,14,343.0,2013.4,1839.05,1839.05,0.0,0.0
951,2,274.0,888.24,917.79,917.79,0.0,0.0
952,1,759.0,330.29,500.92,500.92,0.0,0.0
953,8,204.0,2178.45,1506.38,1506.38,0.0,0.0
954,10,396.0,2068.65,1556.68,1556.68,0.0,0.0
955,6,840.0,870.82,1496.46,1496.46,0.0,0.0
956,7,756.0,1473.59,1961.96,1961.96,0.0,0.0
957,4,1048.0,279.75,780.15,780.15,0.0,0.0
958,9,800.0,39.96,1158.68,1158.68,0.0,0.0
959,3,240.0,1895.67,1386.33,1386.33,0.0,0.0
960,13,997.0,920.48,2124.16,1752.72,-371.4399999999998,-17.48644169930701
961,2,826.0,2163.39,1523.26,1523.26,0.0,0.0
962,6,194.0,914.25,1168.72,1168.72,0.0,0.0
963,4,333.0,1934.76,1467.52,1467.52,0.0,0.0
964,8,1053.0,1864.01,1794.57,1794.57,0.0,0.0
965,12,466.0,1291.33,1770.37,1770.37,0.0,0.0
966,8,916.0,2417.62,1755.05,1755.05,0.0,0.0
967,11,322.0,1251.3,1732.46,1732.46,0.0,0.0
968,13,11.0,1114.96,1555.48,1555.48,0.0,0.0
969,7,250.0,364.79,718.71,718.71,0.0,0.0
970,5,247.0,296.51,594.93,594.93,0.0,0.0
971,14,1158.0,2104.61,1899.69,1899.69,0.0,0.0
972,11,1095.0,1071.83,2159.33,2159.33,0.0,0.0
973,11,1149.0,270.81,1284.51,1284.51,0.0,0.0
974,9,14.0,1057.38,1372.31,1192.88,-179.42999999999984,-13.075034066646737
975,4,184.0,983.77,1202.69,1116.8,-85.8900000000001,-7.141491157322344
976,6,135.0,2488.22,1561.2,1561.2,0.0,0.0
977,5,717.0,1508.97,1722.49,1722.49,0.0,0.0
978,1,389.0,1964.96,1228.94,1202.9,-26.039999999999964,-2.11889921395674
979,3,1136.0,1296.54,1536.6,1462.01,-74.58999999999992,-4.854223610568783
980,13,145.0,2202.42,1716.13,1716.13,0.0,0.0
981,1,1122.0,861.5,1081.05,1081.05,0.0,0.0
982,14,383.0,97.95,1203.93,1203.93,0.0,0.0
983,1,309.0,1211.37,1110.55,1110.55,0.0,0.0
984,14,1090.0,2248.68,1905.5,1905.5,0.0,0.0
985,3,278.0,994.9,1167.78,1167.78,0.0,0.0
986,7,1109.0,2397.29,1917.57,1833.27,-84.29999999999995,-4.396188926610239
987,12,643.0,2194.16,1758.03,1807.33,49.299999999999955,2.804275239899203
988,11,176.0,1050.67,1444.13,1444.13,0.0,0.0
989,7,309.0,1021.75,1309.85,1309.85,0.0,0.0
990,3,992.0,1897.41,1539.0,1539.47,0.4700000000000273,0.0305393112410674
991,3,175.0,440.19,431.17,431.17,0.0,0.0
992,5,895.0,2329.69,1791.96,1791.96,0.0,0.0
993,8,372.0,348.37,950.24,950.24,0.0,0.0
994,5,567.0,193.11,718.3,718.3,0.0,0.0
995,8,978.0,710.43,1624.58,1624.58,0.0,0.0
996,1,1082.0,1809.49,446.94,1465.9,1018.96,227.98585939947196
997,11,636.0,2238.97,1699.94,1699.94,0.0,0.0
998,6,370.0,315.09,946.39,946.39,0.0,0.0
999,8,413.0,222.83,802.95,828.16,25.209999999999923,3.139672457811809
1000,3,399.0,141.39,546.04,546.04,0.0,0.0
